work_id,title,year,evolbio_score
W3096733662,Contrasting signatures of genomic divergence during sympatric speciation,2020,0.6944801807403564
W3150028644,Molluscan mitochondrial genomes break the rules,2021,0.6584994196891785
W3157220246,Genomic insights into the conservation status of the world’s last remaining Sumatran rhinoceros populations,2021,0.5192385315895081
W3007358977,The persimmon genome reveals clues to the evolution of a lineage-specific sex determination system in plants,2020,0.6881115436553955
W3094526233,Taxonomy and Phylogenetic Research on Ralstonia solanacearum Species Complex: A Complex Pathogen with Extraordinary Economic Consequences,2020,0.5082754492759705
W4281383093,Analysis of 6.4 million SARS-CoV-2 genomes identifies mutations associated with fitness,2022,0.514262855052948
W3206764122,Diversity and ecology of protists revealed by metabarcoding,2021,0.5684850811958313
W3113917743,Strongly deleterious mutations are a primary determinant of extinction risk due to inbreeding depression,2020,0.47533559799194336
W3010826188,Horizontal transfer and evolution of transposable elements in vertebrates,2020,0.6937590837478638
W3014405512,Multiple chromosomal inversions contribute to adaptive divergence of a dune sunflower ecotype,2020,0.5693840980529785
W4306411852,Chromosomal inversion polymorphisms shape the genomic landscape of deer mice,2022,0.5507550835609436
W2999294700,Comparative Analyses of Vertebrate Gut Microbiomes Reveal Convergence between Birds and Bats,2020,0.4885924458503723
W3035786310,Rampant C→U Hypermutation in the Genomes of SARS-CoV-2 and Other Coronaviruses: Causes and Consequences for Their Short- and Long-Term Evolutionary Trajectories,2020,0.45369839668273926
W3006426838,Reconstructing the evolutionary history of nitrogenases: Evidence for ancestral molybdenum‐cofactor utilization,2020,0.47173941135406494
W3005383663,The Multispecies Coalescent Model Outperforms Concatenation Across Diverse Phylogenomic Data Sets,2020,0.5568856000900269
W3004584205,Patterns of somatic structural variation in human cancer genomes,2020,0.5196115374565125
W4319068304,Human-specific genetics: new tools to explore the molecular and cellular basis of human evolution,2023,0.6635963320732117
W3039975896,Undinarchaeota illuminate DPANN phylogeny and the impact of gene transfer on archaeal evolution,2020,0.6650072336196899
W3147222942,Temporal dynamics of SARS-CoV-2 mutation accumulation within and across infected hosts,2021,0.6065753698348999
W4387823059,Genomics for monitoring and understanding species responses to global climate change,2023,0.49990129470825195
W3035842044,Lineage dynamics of the endosymbiotic cell type in the soft coral Xenia,2020,0.45026591420173645
W3087081867,A Field Guide to Eukaryotic Transposable Elements,2020,0.6709056496620178
W3152442338,Extensive microbial diversity within the chicken gut microbiome revealed by metagenomics and culture,2021,0.45830631256103516
W4385945347,The specious art of single-cell genomics,2023,0.45357808470726013
W4210886322,"Plant GATA Factors: Their Biology, Phylogeny, and Phylogenomics",2022,0.5332013964653015
W3041043209,Towards the completion of speciation: the evolution of reproductive isolation beyond the first barriers,2020,0.4647960066795349
W3080458156,Host selection shapes crop microbiome assembly and network complexity,2020,0.524589478969574
W3013655101,Ghost Introgression: Spooky Gene Flow in the Distant Past,2020,0.6704635620117188
W4307336954,Polyploidy: its consequences and enabling role in plant diversification and evolution,2022,0.5643163323402405
W3213067154,Origins and evolution of extreme life span in Pacific Ocean rockfishes,2021,0.6037196516990662
W3135409471,"Genomic Characterization of a Novel SARS-CoV-2 Lineage from Rio de Janeiro, Brazil",2021,0.5590587258338928
W3163112933,Incorporating the speciation process into species delimitation,2021,0.5873133540153503
W4200602261,"Whole-Genome Resequencing of Worldwide Wild and Domestic Sheep Elucidates Genetic Diversity, Introgression, and Agronomically Important Loci",2021,0.4981696605682373
W3039323082,Genomic analysis of the domestication and post-Spanish conquest evolution of the llama and alpaca,2020,0.6362720727920532
W3157163834,Genetic impacts on DNA methylation: research findings and future perspectives,2021,0.5802635550498962
W3182097799,The crucial role of genome-wide genetic variation in conservation,2021,0.5364921689033508
W3134064557,Deleterious mutation accumulation and the long-term fate of chromosomal inversions,2021,0.5156522989273071
W3009980214,What is ancestry?,2020,0.5658824443817139
W3033913804,Earth microbial co-occurrence network reveals interconnection pattern across microbiomes,2020,0.47196850180625916
W3015444032,Phylogenetic network analysis of SARS-CoV-2 genomes,2020,0.6517869830131531
W4367173724,A genomic timescale for placental mammal evolution,2023,0.672502875328064
W3111726075,Identification and Characterization of 33 Bacillus cereus sensu lato Isolates from Agricultural Fields from Eleven Widely Distributed Countries by Whole Genome Sequencing,2020,0.46487119793891907
W3008570337,Understanding the human antibody repertoire,2020,0.5719311833381653
W3011141248,Comparing the Performance of Microsatellites and RADseq in Population Genetic Studies: Analysis of Data for Pike (Esox lucius) and a Synthesis of Previous Studies,2020,0.554069459438324
W4297888171,EukProt: A database of genome-scale predicted proteins across the diversity of eukaryotes,2022,0.49175336956977844
W3033825041,Analysis of 1321 Eubacterium rectale genomes from metagenomes uncovers complex phylogeographic population structure and subspecies functional adaptations,2020,0.6454872488975525
W4312093588,The molecular evolution of spermatogenesis across mammals,2022,0.5121981501579285
W3163053647,Phylogenomic Subsampling and the Search for Phylogenetically Reliable Loci,2021,0.4782254099845886
W3109790889,Selection enhances protein evolvability by increasing mutational robustness and foldability,2020,0.523228108882904
W3210280275,"Microchromosomes are building blocks of bird, reptile, and mammal chromosomes",2021,0.5603015422821045
W3042698870,Assembly of the threespine stickleback Y chromosome reveals convergent signatures of sex chromosome evolution,2020,0.4657014012336731
W3029105628,Deep Roots and Splendid Boughs of the Global Plant Virome,2020,0.5750690698623657
W3097658527,"Many, but not all, lineage-specific genes can be explained by homology detection failure",2020,0.563378632068634
W4220762623,Taming transposable elements in vertebrates: from epigenetic silencing to domestication,2022,0.5708542466163635
W3044927940,Khoe-San Genomes Reveal Unique Variation and Confirm the Deepest Population Divergence in Homo sapiens,2020,0.6842969655990601
W3086997270,Genus-Wide Characterization of Bumblebee Genomes Provides Insights into Their Evolution and Variation in Ecological and Behavioral Traits,2020,0.6014559268951416
W3019171991,Extensive Ethnolinguistic Diversity in Vietnam Reflects Multiple Sources of Genetic Diversity,2020,0.5791951417922974
W3010528608,Sources of epigenetic variation and their applications in natural populations,2020,0.4683102071285248
W3125528398,Giant lungfish genome elucidates the conquest of land by vertebrates,2021,0.6276525855064392
W3119409956,"Morphological approaches in studying fungi: collection, examination, isolation, sporulation and preservation",2020,0.492392897605896
W3007669493,Exploration of Plastid Phylogenomic Conflict Yields New Insights into the Deep Relationships of Leguminosae,2020,0.6337961554527283
W3004860286,A multigene phylogeny and timeline for Trichoptera (Insecta),2020,0.5273797512054443
W4295078843,GENESPACE tracks regions of interest and gene copy number variation across multiple genomes,2022,0.546943724155426
W3139353203,"Glucocorticoids, the evolution of the stress-response, and the primate predicament",2021,0.5690878629684448
W4378977815,Phylogenomic analyses provide insights into primate evolution,2023,0.729456901550293
W3174638824,Long Reads Are Revolutionizing 20 Years of Insect Genome Sequencing,2021,0.5909528136253357
W3047720445,The study of host–microbiome (co)evolution across levels of selection,2020,0.5997060537338257
W3128734195,"Phylotranscriptomic insights into Asteraceae diversity, polyploidy, and morphological innovation",2021,0.5904607772827148
W3021936614,New Methods to Calculate Concordance Factors for Phylogenomic Datasets,2020,0.5949838161468506
W3015749488,The Scaly-foot Snail genome and implications for the origins of biomineralised armour,2020,0.6748384237289429
W4229040376,Evolution of the human pathogenic lifestyle in fungi,2022,0.4782930016517639
W3027489835,The ‘biomineralization toolkit’ and the origin of animal skeletons,2020,0.5657160878181458
W3084471312,Transposable Elements and the Evolution of Insects,2020,0.6774219274520874
W4388772500,Bacterial genome size and gene functional diversity negatively correlate with taxonomic diversity along a pH gradient,2023,0.4558407962322235
W4399121795,The complete sequence and comparative analysis of ape sex chromosomes,2024,0.5495705008506775
W3042071345,The importance of intrinsic postzygotic barriers throughout the speciation process,2020,0.4641289710998535
W3173519049,"Roseobacters in a Sea of Poly- and Paraphyly: Whole Genome-Based Taxonomy of the Family Rhodobacteraceae and the Proposal for the Split of the “Roseobacter Clade” Into a Novel Family, Roseobacteraceae fam. nov.",2021,0.4636842608451843
W4295749382,Epistasis and Adaptation on Fitness Landscapes,2022,0.48895323276519775
W4224078476,Cryptic and abundant marine viruses at the evolutionary origins of Earth’s RNA virome,2022,0.6386255621910095
W3195084458,Dynamic changes in genomic and social structures in third millennium BCE central Europe,2021,0.5417563915252686
W4310191493,An updated classification of cyanobacterial orders and families based on phylogenomic and polyphasic analysis,2022,0.6608624458312988
W3092093148,Understanding 'Non-genetic' Inheritance: Insights from Molecular-Evolutionary Crosstalk,2020,0.5060235857963562
W4297996490,Divergent evolutionary trajectories of bryophytes and tracheophytes from a complex common ancestor of land plants,2022,0.5571011304855347
W3082138732,Eighteen Coral Genomes Reveal the Evolutionary Origin of <i>Acropora</i> Strategies to Accommodate Environmental Changes,2020,0.545693576335907
W3154626741,How does epigenetics influence the course of evolution?,2021,0.4795931875705719
W3125813619,A framework for understanding gene expression plasticity and its influence on stress tolerance,2021,0.5005817413330078
W3111336046,Phylogenetic analysis of SARS-CoV-2 in Boston highlights the impact of superspreading events,2020,0.5557456016540527
W3200103613,"GTDB: an ongoing census of bacterial and archaeal diversity through a phylogenetically consistent, rank normalized and complete genome-based taxonomy",2021,0.6002034544944763
W3034734463,Insights into eukaryogenesis from the fossil record,2020,0.5175318121910095
W3145217038,Understanding the Origins of Loss of Protein Function by Analyzing the Effects of Thousands of Variants on Activity and Abundance,2021,0.5453932881355286
W3128457606,Phylogenomics of Mycobacterium africanum reveals a new lineage and a complex evolutionary history,2021,0.682668149471283
W3096084589,Full genome viral sequences inform patterns of SARS-CoV-2 spread into and within Israel,2020,0.475236177444458
W3016709954,Deeply conserved synteny resolves early events in vertebrate evolution,2020,0.6950638294219971
W3099150310,When everything changes at once: finding a new normal after genome duplication,2020,0.6290727853775024
W3014059824,Global genome diversity of the Leishmania donovani complex,2020,0.5242776274681091
W4367173653,Evolutionary constraint and innovation across hundreds of placental mammals,2023,0.5069625377655029
W3035336855,"Ancient genomes reveal complex patterns of population movement, interaction, and replacement in sub-Saharan Africa",2020,0.5291771292686462
W2997889425,Life-History Evolution and the Genetics of Fitness Components in<i>Drosophila melanogaster</i>,2020,0.5661576986312866
W3002583775,Building near-complete plant genomes,2020,0.470243364572525
W3041243944,Asterid Phylogenomics/Phylotranscriptomics Uncover Morphological Evolutionary Histories and Support Phylogenetic Placement for Numerous Whole-Genome Duplications,2020,0.6034827828407288
W3014884007,MitoFinder: Efficient automated large‐scale extraction of mitogenomic data in target enrichment phylogenomics,2020,0.45005229115486145
W3194717314,Ancient and modern genomes unravel the evolutionary history of the rhinoceros family,2021,0.6224624514579773
W4390705788,Elevated genetic risk for multiple sclerosis emerged in steppe pastoralist populations,2024,0.4622172713279724
W4210660522,The importance of alternative splicing in adaptive evolution,2022,0.6012496948242188
W3098182612,A Phylodynamic Workflow to Rapidly Gain Insights into the Dispersal History and Dynamics of SARS-CoV-2 Lineages,2020,0.5311782360076904
W3088464242,Thermal adaptation revisited: How conserved are thermal traits of reptiles and amphibians?,2020,0.5769193172454834
W4205408709,Green plant genomes: What we know in an era of rapidly expanding opportunities,2022,0.5039448142051697
W3047721483,Compartmentalization drives the evolution of symbiotic cooperation,2020,0.5139476656913757
W3130788486,Haplotype-resolved diverse human genomes and integrated analysis of structural variation,2021,0.5079930424690247
W3134169387,Extensive Genome-Wide Phylogenetic Discordance Is Due to Incomplete Lineage Sorting and Not Ongoing Introgression in a Rapidly Radiated Bryophyte Genus,2021,0.5678942203521729
W4294666709,What is reproductive isolation?,2022,0.5792328119277954
W4224943843,Phylogeny-Aware Analysis of Metagenome Community Ecology Based on Matched Reference Genomes while Bypassing Taxonomy,2022,0.4969315826892853
W3185309958,Testing genome skimming for species discrimination in the large and taxonomically difficult genus <i>Rhododendron</i>,2021,0.6086783409118652
W3131947824,Transmission of SARS-CoV-2 in domestic cats imposes a narrow bottleneck,2021,0.5272036194801331
W4309233014,Cross-trait assortative mating is widespread and inflates genetic correlation estimates,2022,0.47998878359794617
W3031702689,Ancient genome-wide DNA from France highlights the complexity of interactions between Mesolithic hunter-gatherers and Neolithic farmers,2020,0.49162107706069946
W3025295657,"Genomic Epidemiology, Evolution, and Transmission Dynamics of Porcine Deltacoronavirus",2020,0.6322956681251526
W3108785720,The role of the microbiota in human genetic adaptation,2020,0.5002315044403076
W3098683386,Massive gene presence-absence variation shapes an open pan-genome in the Mediterranean mussel,2020,0.5598362684249878
W3158042772,The evolution of mammalian brain size,2021,0.454480916261673
W3006857885,A willow sex chromosome reveals convergent evolution of complex palindromic repeats,2020,0.6555580496788025
W3067773676,Ancestral Absence of Electron Transport Chains in Patescibacteria and DPANN,2020,0.5479424595832825
W2964962118,An introduction to phylosymbiosis,2020,0.6195715069770813
W3124071923,Spatial patterns and conservation of genetic and phylogenetic diversity of wildlife in China,2021,0.459597647190094
W3149310107,High social status males experience accelerated epigenetic aging in wild baboons,2021,0.49718382954597473
W3048434366,An Unbiased Molecular Approach Using 3′-UTRs Resolves the Avian Family-Level Tree of Life,2020,0.6138516068458557
W3026316627,"Genomic Analysis of European Drosophila melanogaster Populations Reveals Longitudinal Structure, Continent-Wide Selection, and Previously Unknown DNA Viruses",2020,0.6521492600440979
W3007157408,"Complex Evolution of Insect Insulin Receptors and Homologous Decoy Receptors, and Functional Significance of Their Multiplicity",2020,0.4897420406341553
W3158735354,A rooted phylogeny resolves early bacterial evolution,2021,0.6176211833953857
W3018187768,Seeing the rainbow: mechanisms underlying spectral sensitivity in teleost fishes,2020,0.46947917342185974
W3006759334,The systematics of the Cervidae: a total evidence approach,2020,0.5037145018577576
W3041011883,Speciation through chromosomal fusion and fission in Lepidoptera,2020,0.490161269903183
W4385278816,ITS alchemy: On the use of ITS as a DNA marker in fungal ecology,2023,0.5498811602592468
W4285093403,A super pan-genomic landscape of rice,2022,0.5243130922317505
W3034747402,Disparities in the analysis of morphological disparity,2020,0.4940629303455353
W3001749974,"Asian water buffalo: domestication, history and genetics",2020,0.4975593388080597
W4293051598,Genotype–environment associations to reveal the molecular basis of environmental adaptation,2022,0.4746328592300415
W3004122056,101 Dothideomycetes genomes: A test case for predicting lifestyles and emergence of pathogens,2020,0.5236458778381348
W4405670661,MEGA12: Molecular Evolutionary Genetic Analysis Version 12 for Adaptive and Green Computing,2024,0.5389121174812317
W3009260711,The sex with the reduced sex chromosome dies earlier: a comparison across the tree of life,2020,0.4856182634830475
W3014884580,Dynamic genome evolution and complex virocell metabolism of globally-distributed giant viruses,2020,0.5147864818572998
W4287730743,Local Adaptation: Causal Agents of Selection and Adaptive Trait Divergence,2022,0.49857664108276367
W3040417581,"Measuring Genome Sizes Using Read-Depth, k-mers, and Flow Cytometry: Methodological Comparisons in Beetles (Coleoptera)",2020,0.4884578287601471
W4319812547,"Taxon-specific, phased siRNAs underlie a speciation locus in monkeyflowers",2023,0.4986908435821533
W4296032784,Codiversification of gut microbiota with humans,2022,0.516140341758728
W3010767342,The Effects of Temperature on Animal Gut Microbiomes,2020,0.473954439163208
W4309766482,Phylogenomics and the flowering plant tree of life,2022,0.6579714417457581
W3120875795,Assessing the performance of qpAdm: a statistical tool for studying population admixture,2021,0.5167043209075928
W3080711553,"Transient receptor potential channels: current perspectives on evolution, structure, function and nomenclature",2020,0.5086225271224976
W3120422619,Applied aspects of methods to infer phylogenetic relationships amongst fungi,2020,0.5137556791305542
W4386316880,Genomic inference of a severe human bottleneck during the Early to Middle Pleistocene transition,2023,0.5673133134841919
W3075891525,Disentangling Sources of Gene Tree Discordance in Phylogenomic Data Sets: Testing Ancient Hybridizations in Amaranthaceae s.l,2020,0.6002838015556335
W3015494257,"Analysis of 1,000+ Type-Strain Genomes Substantially Improves Taxonomic Classification of Alphaproteobacteria",2020,0.5247935056686401
W3196034458,Quantifying the relationship between genetic diversity and population size suggests natural selection cannot explain Lewontin’s Paradox,2021,0.6102381944656372
W3146958471,Global epistasis emerges from a generic model of a complex trait,2021,0.5546271204948425
W3083864964,Estimating the quality of eukaryotic genomes recovered from metagenomic analysis with EukCC,2020,0.5669621229171753
W3035367124,Variation in recombination rate affects detection of outliers in genome scans under neutrality,2020,0.5202049612998962
W3213410277,Phylogenomic approaches to detecting and characterizing introgression,2021,0.5642672777175903
W3007052684,Evolution of Plant NLRs: From Natural History to Precise Modifications,2020,0.5572157502174377
W3160855197,Avian Coloration Genetics: Recent Advances and Emerging Questions,2021,0.6655808091163635
W3027192977,The origin of domestication genes in goats,2020,0.5213409662246704
W3192863794,Epigenetics for Crop Improvement in Times of Global Change,2021,0.4629892110824585
W4205901551,The Emergence of SARS-CoV-2 Variants of Concern Is Driven by Acceleration of the Substitution Rate,2022,0.4675433039665222
W4381661616,A host of armor: Prokaryotic immune strategies against mobile genetic elements,2023,0.49193739891052246
W3021325701,Phylogenomics Reveals Ancient Gene Tree Discordance in the Amphibian Tree of Life,2020,0.6305453777313232
W4310071929,Adaptive sequence divergence forged new neurodevelopmental enhancers in humans,2022,0.5523265600204468
W3113197882,"<i>Metarhizium</i> : jack of all trades, master of many",2020,0.58250492811203
W3048671222,"Geographical and temporal distribution of SARS-CoV-2 clades in the WHO European Region, January to June 2020",2020,0.5473239421844482
W3187374982,Origin and Early Evolution of the Eukaryotic Cell,2021,0.7151625752449036
W2982414522,Ageing transcriptome meta-analysis reveals similarities and differences between key mammalian tissues,2021,0.5404449701309204
W4206193472,Evolutionary Parasitology,2021,0.559456467628479
W3081335591,Genome size evolution: towards new model systems for old questions,2020,0.6608039140701294
W3002838797,One or two membranes? Diderm Firmicutes challenge the Gram‐positive/Gram‐negative divide,2020,0.5066462159156799
W3136772542,Microbial evolution and transitions along the parasite–mutualist continuum,2021,0.5467920303344727
W3096491883,Genome-scale phylogeny and contrasting modes of genome evolution in the fungal phylum Ascomycota,2020,0.6251974701881409
W4318617997,Natural hybridization reduces vulnerability to climate change,2023,0.4569026529788971
W4220723349,The evolution of brain neuron numbers in amniotes,2022,0.5682922601699829
W3185283445,Large-scale protein level comparison of Deltaproteobacteria reveals cohesive metabolic groups,2021,0.5313302278518677
W3035031813,Phylogenetic background and habitat drive the genetic diversification of Escherichia coli,2020,0.6168188452720642
W3019976500,A single-cell atlas of adult Drosophila ovary identifies transcriptional programs and somatic cell lineage regulating oogenesis,2020,0.4680601954460144
W3131376036,The Impact of Purifying and Background Selection on the Inference of Population History: Problems and Prospects,2021,0.5034849047660828
W3004715820,"Evolution, developmental expression and function of odorant receptors in insects",2020,0.5012497901916504
W3125341911,Building pan-genome infrastructures for crop plants and their use in association genetics,2021,0.5003571510314941
W3015079544,Applying the core microbiome to understand host–microbe systems,2020,0.5319443345069885
W4389626322,An ANI gap within bacterial species that advances the definitions of intra-species units,2023,0.5884191989898682
W3160568774,Ultrafast Sample placement on Existing tRees (UShER) enables real-time phylogenetics for the SARS-CoV-2 pandemic,2021,0.5053815841674805
W1509118950,Biology of Sharks and Their Relatives,2022,0.5042964220046997
W3013112475,Dimensionality reduction reveals fine-scale structure in the Japanese population with consequences for polygenic risk prediction,2020,0.5703004598617554
W3013176417,Whole genome and phylogenetic analysis of two SARS-CoV-2 strains isolated in Italy in January and February 2020: additional clues on multiple introductions and further circulation in Europe,2020,0.5902767181396484
W3047931689,Microbiome-mediated plasticity directs host evolution along several distinct time scales,2020,0.5561177730560303
W3109395447,Physiological Genomics of Adaptation to High-Altitude Hypoxia,2020,0.46315446496009827
W3163767046,Mitochondrial DNA as a Molecular Marker in Insect Ecology: Current Status and Future Prospects,2021,0.6567623019218445
W3094193948,Diversity and evolution of the P450 family in arthropods,2020,0.6404410600662231
W3158172244,A phylogenomic framework for charting the diversity and evolution of giant viruses,2021,0.7181205153465271
W3014787643,"Insights into phylogeny, age and evolution of Allium (Amaryllidaceae) based on the whole plastome sequences",2020,0.5868861675262451
W3168051882,"A chromosome-level genome assembly of rugged rose (Rosa rugosa) provides insights into its evolution, ecology, and floral characteristics",2021,0.46282488107681274
W3200894609,The definition of sexual selection,2021,0.5065559148788452
W3047696772,Roles of the gut microbiota in the adaptive evolution of mammalian species,2020,0.5500600934028625
W4220666315,Ancient genomes from the Himalayas illuminate the genetic history of Tibetans and their Tibeto-Burman speaking neighbors,2022,0.46430519223213196
W3107541694,ClipKIT: A multiple sequence alignment trimming software for accurate phylogenomic inference,2020,0.5707168579101562
W3089036867,Shaping brain structure: Genetic and phylogenetic axes of macroscale organization of cortical thickness,2020,0.5313751101493835
W3010808207,Parasitic angiosperms: How often and how many?,2020,0.49073541164398193
W3106874121,Fitness variation across subtle environmental perturbations reveals local modularity and global pleiotropy of adaptation,2020,0.584607720375061
W3128142453,Causes and Consequences of Bacteriophage Diversification via Genetic Exchanges across Lifestyles and Bacterial Taxa,2021,0.545263946056366
W3003341178,Genomics in Bacterial Taxonomy: Impact on the Genus Pseudomonas,2020,0.5099073648452759
W3123998375,Comparative studies on speciation: 30 years since Coyne and Orr,2021,0.5742819309234619
W4367173711,Insights into mammalian TE diversity through the curation of 248 genome assemblies,2023,0.5657989978790283
W3107700078,Odorant Receptors for Detecting Flowering Plant Cues Are Functionally Conserved across Moths and Butterflies,2020,0.5029138922691345
W3081667585,"Homoeologous Exchanges, Segmental Allopolyploidy, and Polyploid Genome Evolution",2020,0.5986559391021729
W3045222827,Cross-Species Insights Into Genomic Adaptations to Hypoxia,2020,0.5601356625556946
W3141469998,Prokaryotic taxonomy and nomenclature in the age of big sequence data,2021,0.48622623085975647
W3129995686,Ancient and recent introgression shape the evolutionary history of pollinator adaptation and speciation in a model monkeyflower radiation (Mimulus section Erythranthe),2021,0.6135407090187073
W3214389270,Segment number threshold determines juvenile onset of germline cluster expansion in <i>Platynereis dumerilii</i>,2021,0.4992952346801758
W3159175200,Mapping single-cell atlases throughout Metazoa unravels cell type evolution,2021,0.5564993619918823
W3209545809,<scp>PANTHER</scp>: Making genome‐scale phylogenetics accessible to all,2021,0.47232288122177124
W4281774004,"Microsporidia: a new taxonomic, evolutionary, and ecological synthesis",2022,0.6338056325912476
W4285726620,Genetics of adaptation,2022,0.5702478885650635
W4229447746,"What Is<i>N</i>e, Anyway?",2022,0.547347366809845
W3042732083,Evolutionary Genomics of Structural Variation in Asian Rice ( <i>Oryza sativa</i> ) Domestication,2020,0.583982527256012
W3195445434,Extensive phylogenies of human development inferred from somatic mutations,2021,0.5499720573425293
W3190126839,PhyloFisher: A phylogenomic package for resolving eukaryotic relationships,2021,0.5907021760940552
W3011081894,Origin and Diversity of Plant Receptor-Like Kinases,2020,0.5885196924209595
W3037808763,Exploring whole-genome duplicate gene retention with complex genetic interaction analysis,2020,0.4875921607017517
W3035248535,A high-coverage Neandertal genome from Chagyrskaya Cave,2020,0.5018789768218994
W3129916067,Plant evolution driven by interactions with symbiotic and pathogenic microbes,2021,0.47318387031555176
W3096197416,"<i>Wolbachia</i>host shifts: routes, mechanisms, constraints and evolutionary consequences",2020,0.5685458779335022
W3092697065,The<i>Drosophila</i>seminal proteome and its role in postcopulatory sexual selection,2020,0.5835719108581543
W4285173471,Evolution and functional diversification of R2R3-MYB transcription factors in plants,2022,0.5848848819732666
W4322767187,The enormous repetitive Antarctic krill genome reveals environmental adaptations and population insights,2023,0.4808679223060608
W4390608966,phytools 2.0: an updated R ecosystem for phylogenetic comparative methods (and other things),2024,0.540395975112915
W3036843213,VolcanoFinder: Genomic scans for adaptive introgression,2020,0.614952564239502
W3194408081,"Genomic structural variants constrain and facilitate adaptation in natural populations of <i>Theobroma cacao</i> , the chocolate tree",2021,0.5904736518859863
W3122540149,Polyploidy: an evolutionary and ecological force in stressful times,2020,0.5783597826957703
W3028688800,"Ancient genomes from present-day France unveil 7,000 years of its demographic history",2020,0.5036255717277527
W2999733722,The evolution of mechanisms involved in vertebrate endothermy,2020,0.5988605618476868
W3215308585,"Covid-19: Omicron may be more transmissible than other variants and partly resistant to existing vaccines, scientists fear",2021,0.49652987718582153
W3124204293,"Phenotypic and molecular evolution across 10,000 generations in laboratory budding yeast populations",2021,0.5943806767463684
W3094651023,What Do We Really Know About Adaptation at Range Edges?,2020,0.535990834236145
W3043532768,Double-edged sword: The evolutionary consequences of the epigenetic silencing of transposable elements,2020,0.5299350619316101
W4310046323,Feather function and the evolution of birds,2022,0.6080679893493652
W3158780063,Locally Adaptive Inversions Modulate Genetic Variation at Different Geographic Scales in a Seaweed Fly,2021,0.589813232421875
W3205442753,The genomic ecosystem of transposable elements in maize,2021,0.48887962102890015
W3000361107,"A comparison of pedigree, genetic and genomic estimates of relatedness for informing pairing decisions in two critically endangered birds: Implications for conservation breeding programmes worldwide",2020,0.5488860011100769
W3041742174,Genomic architectural variation of plant mitochondria—A review of multichromosomal structuring,2020,0.546605110168457
W3216873694,Defining and quantifying the core microbiome: Challenges and prospects,2021,0.4757111668586731
W3044161677,Phylogeny and Evolution of the Brown Algae,2020,0.4530853033065796
W3047286145,Mapping gene flow between ancient hominins through demography-aware inference of the ancestral recombination graph,2020,0.5949185490608215
W3132644980,The inflated significance of neutral genetic diversity in conservation genetics,2021,0.49578365683555603
W3028058903,Evolutionary history and past climate change shape the distribution of genetic diversity in terrestrial mammals,2020,0.5938326120376587
W3103754182,Stability of SARS-CoV-2 phylogenies,2020,0.48107290267944336
W4213358058,Polyploid phylogenetics,2021,0.679179310798645
W3042072141,Dense sampling of bird diversity increases power of comparative genomics,2020,0.47249284386634827
W3005785227,Disentangling the impact of environmental and phylogenetic constraints on prokaryotic within-species diversity,2020,0.5651264786720276
W4306252584,Revisionary systematics of Octocorallia (Cnidaria: Anthozoa) guided by phylogenomics,2022,0.48551297187805176
W3011864366,The honeysuckle genome provides insight into the molecular mechanism of carotenoid metabolism underlying dynamic flower coloration,2020,0.4661162197589874
W3179423943,Ongoing global and regional adaptive evolution of SARS-CoV-2,2021,0.5901996493339539
W4308266113,"Ecological and functional roles of bacteriophages in contrasting environments: marine, terrestrial and human gut",2022,0.547049880027771
W3182508478,Genomic diversity and ecology of human-associated Akkermansia species in the gut microbiome revealed by extensive metagenomic assembly,2021,0.6271144151687622
W3005408857,CUBIC: an atlas of genetic architecture promises directed maize improvement,2020,0.4586714208126068
W3006367816,The global spread of 2019-nCoV: a molecular evolutionary analysis,2020,0.574268639087677
W3032815243,An empirical comparison of population genetic analyses using microsatellite and SNP data for a species of conservation concern,2020,0.5682452321052551
W3073875730,Adaptation and coordinated evolution of plant hydraulic traits,2020,0.5085870027542114
W3156624423,Conserved genetic signatures parcellate cardinal spinal neuron classes into local and projection subsets,2021,0.45783427357673645
W3182837943,"An ancestral recombination graph of human, Neanderthal, and Denisovan genomes",2021,0.6641839146614075
W3007397157,Synteny-based analyses indicate that sequence divergence is not the main source of orphan genes,2020,0.5135655403137207
W3161708162,Genomic basis of parallel adaptation varies with divergence in <i>Arabidopsis</i> and its relatives,2021,0.5547606945037842
W4308616062,OrthoDB v11: annotation of orthologs in the widest sampling of organismal diversity,2022,0.4975786507129669
W3110696950,Phylogenetic Analysis of SARS-CoV-2 Data Is Difficult,2020,0.6155230402946472
W4226000574,Nanopore adaptive sampling: a tool for enrichment of low abundance species in metagenomic samples,2022,0.5413357019424438
W4389670704,Evolution of neuronal cell classes and types in the vertebrate retina,2023,0.4933907091617584
W3089213722,"Genes and environments, development and time",2020,0.4621160328388214
W3039234910,Bayesian Evaluation of Temporal Signal in Measurably Evolving Populations,2020,0.5032753348350525
W3169130294,"&lt;p class=""ZootaxaTitle""&gt;New concepts and methods for phylogenetic taxonomy and nomenclature in zoology, exemplified by a new ranked cladonomy of recent amphibians (Lissamphibia)",2021,0.5020484924316406
W4386369120,"Global Brassicaceae phylogeny based on filtering of 1,000-gene dataset",2023,0.5186604261398315
W3196442233,Mining museums for historical DNA: advances and challenges in museomics,2021,0.4556170105934143
W3138297312,A Roadmap for Genome-Based Phage Taxonomy,2021,0.5031866431236267
W3093352013,Parallel ddRAD and Genome Skimming Analyses Reveal a Radiative and Reticulate Evolutionary History of the Temperate Bamboos,2020,0.6716113090515137
W3017216879,Parallelism in eco-morphology and gene expression despite variable evolutionary and genomic backgrounds in a Holarctic fish,2020,0.5791258811950684
W4388534600,How chromosomal inversions reorient the evolutionary process,2023,0.6366441249847412
W3108429045,Model and Non-model Insects in Chronobiology,2020,0.45046466588974
W3194572293,Acute SARS-CoV-2 infections harbor limited within-host diversity and transmit via tight transmission bottlenecks,2021,0.5109795331954956
W3107762183,Primate phylogenomics uncovers multiple rapid radiations and ancient interspecific introgression,2020,0.6441643238067627
W3083031381,A Darwinian Laboratory of Multiple Contact Zones,2020,0.6470312476158142
W3099124058,Genome Variation Map: a worldwide collection of genome variations across multiple species,2020,0.45465990900993347
W3016299625,The Genomics of Human Local Adaptation,2020,0.6046658754348755
W3007324177,The Role of Conformational Dynamics and Allostery in Modulating Protein Evolution,2020,0.5704566240310669
W3146423745,Homopolish: a method for the removal of systematic errors in nanopore sequencing by homologous polishing,2021,0.45305246114730835
W3201343058,Ancient genomics reveals tripartite origins of Japanese populations,2021,0.5422130823135376
W3162057263,A new classification of Cyperaceae (Poales) supported by phylogenomic data,2021,0.4813862144947052
W3183741867,Spatiotemporal invasion dynamics of SARS-CoV-2 lineage B.1.1.7 emergence,2021,0.5157387852668762
W3034934451,Beyond DNA barcoding: The unrealized potential of genome skim data in sample identification,2020,0.46048957109451294
W3022396962,Effects of the COVID-19 pandemic on life scientists,2020,0.4863627552986145
W3080967255,Ancient Jomon genome sequence analysis sheds light on migration patterns of early East Asian populations,2020,0.5837405920028687
W3031411888,Emergence of SARS-CoV-2 through recombination and strong purifying selection,2020,0.4722920060157776
W3184440907,"Reconstruction of proto-vertebrate, proto-cyclostome and proto-gnathostome genomes provides new insights into early vertebrate evolution",2021,0.6893911957740784
W3097452331,A complex phenotype in salmon controlled by a simple change in migratory timing,2020,0.4659717082977295
W4378976294,A global catalog of whole-genome diversity from 233 primate species,2023,0.7105792760848999
W3121486804,Alternative splicing landscapes in Arabidopsis thaliana across tissues and stress conditions highlight major functional differences with animals,2021,0.5631402730941772
W659378956,Population Genetics and Microevolutionary Theory,2021,0.6031703352928162
W3008479721,Predicting the Landscape of Recombination Using Deep Learning,2020,0.6101470589637756
W3139367551,The genic view of hybridization in the Anthropocene,2021,0.5319540500640869
W4205681504,Evolution of polygenic traits under global <i>vs</i> local adaptation,2022,0.5544511675834656
W3199434319,Insights into human history from the first decade of ancient human genomics,2021,0.4567888379096985
W4205950007,Consequences of Hybridization in Mammals: A Systematic Review,2021,0.6110357046127319
W3017342212,BOLD and GenBank revisited – Do identification errors arise in the lab or in the sequence libraries?,2020,0.4555247724056244
W3005235420,IQ-TREE 2: New Models and Efficient Methods for Phylogenetic Inference in the Genomic Era,2020,0.45059734582901
W3160025918,Alternative Animal Models of Aging Research,2021,0.6333929896354675
W4389132747,Cellular development and evolution of the mammalian cerebellum,2023,0.49392515420913696
W3176204079,Broad geographic sampling reveals the shared basis and environmental correlates of seasonal adaptation in Drosophila,2021,0.6249263286590576
W3188348639,"The Visual Opsin Gene Repertoires of Teleost Fishes: Evolution, Ecology, and Function",2021,0.6416835784912109
W4307584884,Why can't we predict traits from the environment?,2022,0.4550935924053192
W3048293476,Pathogen resistance may be the principal evolutionary advantage provided by the microbiome,2020,0.4797191023826599
W3106975553,Assessing ontogenetic maturity in extinct saurian reptiles,2020,0.5716392993927002
W3006038767,Recovering signals of ghost archaic introgression in African populations,2020,0.614708662033081
W4210701812,Deeply conserved synteny and the evolution of metazoan chromosomes,2022,0.6567132472991943
W3164117052,Detecting adaptive introgression in human evolution using convolutional neural networks,2021,0.4892103672027588
W3110169235,Inclusion of variants discovered from diverse populations improves polygenic risk score transferability,2020,0.47055768966674805
W3031374097,Venom Systems as Models for Studying the Origin and Regulation of Evolutionary Novelties,2020,0.6423531770706177
W3161034134,Tracking the international spread of SARS-CoV-2 lineages B.1.1.7 and B.1.351/501Y-V2,2021,0.49866366386413574
W3084301609,Impact of admixture and ancestry on eQTL analysis and GWAS colocalization in GTEx,2020,0.511779248714447
W3043763415,Toward a Fully Resolved Fungal Tree of Life,2020,0.5078988671302795
W3111525365,A global analysis of song frequency in passerines provides no support for the acoustic adaptation hypothesis but suggests a role for sexual selection,2020,0.4712137281894684
W3138098406,Diversity and functional landscapes in the microbiota of animals in the wild,2021,0.45271289348602295
W3048367870,Estimating the genome-wide contribution of selection to temporal allele frequency change,2020,0.4889582395553589
W3024872414,Genomic Insights into Plastid Evolution,2020,0.6375600695610046
W2999916586,Dating genomic variants and shared ancestry in population-scale sequencing data,2020,0.5413541197776794
W4283759841,"Characterization, costs, cues and future perspectives of phenotypic plasticity",2022,0.5052292943000793
W4206409428,Insect Diapause,2022,0.4766564965248108
W3080097995,“Epigenetic clocks”: Theory and applications in human biology,2020,0.45211541652679443
W3024108179,Nuclear phylogenomic analyses of asterids conflict with plastome trees and support novel relationships among major lineages,2020,0.6976568102836609
W3162125475,Endogenous retroviruses in the origins and treatment of cancer,2021,0.4667492210865021
W3028632011,Population genetic models of GERP scores suggest pervasive turnover of constrained sites across mammalian evolution,2020,0.5723465085029602
W3131612759,"DNA copy number variation: Main characteristics, evolutionary significance, and pathological aspects",2021,0.5805731415748596
W3181792462,The Baltimore Classification of Viruses 50 Years Later: How Does It Stand in the Light of Virus Evolution?,2021,0.5479720234870911
W4320494454,Deep reticulation: the long legacy of hybridization in vascular plant evolution,2023,0.6719880700111389
W3161622382,The evolution and changing ecology of the African hominid oral microbiome,2021,0.5454739332199097
W3020908563,Phenotypic Plasticity: From Theory and Genetics to Current and Future Challenges,2020,0.4621027708053589
W3014099245,"Frequency, Origins, and Evolutionary Role of Chromosomal Inversions in Plants",2020,0.6976193189620972
W4280649038,Giant <i>Starship</i> Elements Mobilize Accessory Genes in Fungal Genomes,2022,0.5725680589675903
W4210494137,Evolutionary velocity with protein language models predicts evolutionary dynamics of diverse proteins,2022,0.5206512808799744
W4205236321,Coevolutionary theory of hosts and parasites,2022,0.5693275332450867
W3217739320,Toward a genome sequence for every animal: Where are we now?,2021,0.5538522005081177
W2998989016,A Genus Definition for <i>Bacteria</i> and <i>Archaea</i> Based on a Standard Genome Relatedness Index,2020,0.5167785882949829
W3164567439,3D genomics across the tree of life reveals condensin II as a determinant of architecture type,2021,0.45480722188949585
W3164961447,UBCG2: Up-to-date bacterial core genes and pipeline for phylogenomic analysis,2021,0.5544775128364563
W3208266771,A connectome of the Drosophila central complex reveals network motifs suitable for flexible navigation and context-dependent action selection,2021,0.4542463719844818
W4281561633,Genetic variance in fitness indicates rapid contemporary adaptive evolution in wild animals,2022,0.49513688683509827
W3022107839,Wheat chromatin architecture is organized in genome territories and transcription factories,2020,0.5807556509971619
W4207084580,Comprehensive Species Sampling and Sophisticated Algorithmic Approaches Refute the Monophyly of Arachnida,2022,0.6224158406257629
W3046061267,Genomic-based taxonomic classification of the family Erythrobacteraceae,2020,0.5438230633735657
W3093771475,MolluscDB: an integrated functional and evolutionary genomics database for the hyper-diverse animal phylum Mollusca,2020,0.49083834886550903
W3012944241,Evolutionary Trajectory for the Emergence of Novel Coronavirus SARS-CoV-2,2020,0.5201147794723511
W3099982573,"A unifying, eco‐physiological framework for animal dormancy",2020,0.4881368577480316
W3210200039,Effects of Selection at Linked Sites on Patterns of Genetic Variability,2021,0.6699118614196777
W3117945779,Evolution of fold switching in a metamorphic protein,2020,0.4502895176410675
W4391100251,Deciphering cell states and genealogies of human haematopoiesis,2024,0.46609392762184143
W3105859013,"The Perfect Storm: Gene Tree Estimation Error, Incomplete Lineage Sorting, and Ancient Gene Flow Explain the Most Recalcitrant Ancient Angiosperm Clade, Malpighiales",2020,0.6340978145599365
W4221132928,Direct observation of adaptive tracking on ecological time scales in <i>Drosophila</i>,2022,0.6163210272789001
W3029265305,High quality genome sequences of thirteen Hypoxylaceae (Ascomycota) strengthen the phylogenetic family backbone and enable the discovery of new taxa,2020,0.6390935182571411
W3167867098,Predicting future from past: The genomic basis of recurrent and rapid stickleback evolution,2021,0.6120986342430115
W4391997401,Comparative genomics reveals the dynamics of chromosome evolution in Lepidoptera,2024,0.6145492196083069
W3157128367,Threespine Stickleback: A Model System For Evolutionary Genomics,2021,0.6085631847381592
W3010627043,"The diversity and distribution of endophytes across biomes, plant phylogeny and host tissues: how far have we come and where do we go from here?",2020,0.5151718854904175
W3016662794,Sex Chromosome Evolution: So Many Exceptions to the Rules,2020,0.5079992413520813
W3173730881,Haplotype tagging reveals parallel formation of hybrid races in two butterfly species,2021,0.655622661113739
W3008435731,"Plastome Evolution and Phylogeny of Orchidaceae, With 24 New Sequences",2020,0.590712308883667
W3099945355,"Plastomes of eight Ligusticum species: characterization, genome evolution, and phylogenetic relationships",2020,0.6229307651519775
W4378189287,A genome-informed higher rank classification of the biotechnologically important fungal subphylum <i> Saccharomycotina</i>,2023,0.45989754796028137
W3194095174,Exploring correlations in genetic and cultural variation across language families in northeast Asia,2021,0.5015482902526855
W3125922838,Mechanisms underlying gut microbiota–host interactions in insects,2021,0.4713696241378784
W3083358975,Predicting temperature mortality and selection in natural <i>Drosophila</i> populations,2020,0.45412176847457886
W4221042877,"Phylogenomic conflict analyses in the apple genus <i>Malus</i> s.l. reveal widespread hybridization and allopolyploidy driving diversification, with insights into the complex biogeographic history in the Northern Hemisphere",2022,0.5940207839012146
W2999869862,Tackling Rapid Radiations With Targeted Sequencing,2020,0.5599321126937866
W3146196870,Plant NLR diversity: the known unknowns of pan-NLRomes,2021,0.49336448311805725
W3007553916,"Origin, Diversity, and Evolution of Telomere Sequences in Plants",2020,0.6485302448272705
W3037349235,Dynamics of Insect–Microbiome Interaction Influence Host and Microbial Symbiont,2020,0.5165230631828308
W3036555894,The lateral plate mesoderm,2020,0.5359531044960022
W4308174537,Deleterious Variation in Natural Populations and Implications for Conservation Genetics,2022,0.5537209510803223
W3207939327,"The Bogert effect, a factor in evolution",2021,0.45632341504096985
W3003501768,Structural evolution drives diversification of the large LRR‐RLK gene family,2020,0.45214635133743286
W3037775055,Leaf reflectance spectra capture the evolutionary history of seed plants,2020,0.5070741176605225
W4327909816,A sampling strategy for genome sequencing the British terrestrial arthropod fauna,2023,0.48852550983428955
W3011565822,Toward an Evolutionarily Appropriate Null Model: Jointly Inferring Demography and Purifying Selection,2020,0.5565885901451111
W3172652410,Fish pigmentation and coloration: Molecular mechanisms and aquaculture perspectives,2021,0.48805177211761475
W4206641739,Why sequence all eukaryotes?,2022,0.45949485898017883
W3028202170,The Lifecycle of the Plant Immune System,2020,0.48632556200027466
W3018615967,CCMetagen: comprehensive and accurate identification of eukaryotes and prokaryotes in metagenomic data,2020,0.5199909806251526
W3199195377,A population-level invasion by transposable elements triggers genome expansion in a fungal pathogen,2021,0.5620321035385132
W3129515806,The origin of animals: an ancestral reconstruction of the unicellular-to-multicellular transition,2021,0.68265700340271
W3016609678,The evolutionary history and genomics of European blackcap migration,2020,0.6085792779922485
W3170431728,Rooting the Animal Tree of Life,2021,0.5050352215766907
W4328049762,Causal effects on complex traits are similar for common variants across segments of different continental ancestries within admixed individuals,2023,0.5364903211593628
W3163150242,A Comprehensive Phylogenomic Platform for Exploring the Angiosperm Tree of Life,2021,0.4774934947490692
W4293116279,The origins and molecular evolution of SARS-CoV-2 lineage B.1.1.7 in the UK,2022,0.5918718576431274
W3042122970,Recent Demographic History Inferred by High-Resolution Analysis of Linkage Disequilibrium,2020,0.48750922083854675
W3019415451,Performing Highly Efficient Genome Scans for Local Adaptation with R Package pcadapt Version 4,2020,0.5287069082260132
W3088101909,Genomic Features of Parthenogenetic Animals,2020,0.6383475065231323
W3135025442,High-Altitude Adaptation: Mechanistic Insights from Integrated Genomics and Physiology,2021,0.4633773863315582
W3106204292,Genetic admixture in Brazil,2020,0.5474553108215332
W3023051623,A consensus phylogenomic approach highlights paleopolyploid and rapid radiation in the history of Ericales,2020,0.5710451602935791
W3043453458,Detection of Plant Viruses and Disease Management: Relevance of Genetic Diversity and Evolution,2020,0.5248537063598633
W3043527810,CeMbio - The <i>Caenorhabditis elegans</i> Microbiome Resource,2020,0.49345341324806213
W3202168308,Prevalence and Adaptive Impact of Introgression,2021,0.6086458563804626
W3008209667,The origin of animal body plans: a view from fossil evidence and the regulatory genome,2020,0.685914933681488
W4225129690,DNA methylation: a historical perspective,2022,0.49884748458862305
W3194895608,The Gene's-Eye View of Evolution,2021,0.5542977452278137
W3024064700,Natural hybridization reveals incompatible alleles that cause melanoma in swordtail fish,2020,0.4898633658885956
W3107101620,Fluctuating optimum and temporally variable selection on breeding date in birds and mammals,2020,0.5244529247283936
W3002832353,Where Are We With Human Lice? A Review of the Current State of Knowledge,2020,0.5533369779586792
W3011613560,The evolutionary origins of the cat attractant nepetalactone in catnip,2020,0.5062150359153748
W3022164816,"Hermaphroditism in fishes: an annotated list of species, phylogeny, and mating system",2020,0.4998512268066406
W3002194232,Gene content evolution in the arthropods,2020,0.6630274653434753
W3200130214,Tracking the international spread of SARS-CoV-2 lineages B.1.1.7 and B.1.351/501Y-V2 with grinch,2021,0.473381906747818
W3195370685,The microbiome extends host evolutionary potential,2021,0.5599161386489868
W3089959412,The ancient wave of polyploidization events in flowering plants and their facilitated adaptation to environmental stress,2020,0.5124464631080627
W3004293435,Phylogenomic Insights into Deep Phylogeny of Angiosperms Based on Broad Nuclear Gene Sampling,2020,0.5823448896408081
W4206621711,Species divergence with gene flow and hybrid speciation on the Qinghai–Tibet Plateau,2022,0.5213804841041565
W4313611824,"<i>cis</i>-Regulatory Elements in Plant Development, Adaptation, and Evolution",2023,0.4894613027572632
W4393035934,Update on the proposed minimal standards for the use of genome data for the taxonomy of prokaryotes,2024,0.531913697719574
W3010020071,On the origin and continuing evolution of SARS-CoV-2,2020,0.6438853740692139
W4206495906,Sequestration of Plant Defense Compounds by Insects: From Mechanisms to Insect–Plant Coevolution,2022,0.4939282536506653
W4313250582,Truvari: refined structural variant comparison preserves allelic diversity,2022,0.6973016262054443
W3042958967,Gene Loss Predictably Drives Evolutionary Adaptation,2020,0.45353177189826965
W3040709534,Unambiguous identification of fungi: where do we stand and how accurate and precise is fungal DNA barcoding?,2020,0.6429077386856079
W3005090698,Assortative Mating in Hybrid Zones Is Remarkably Ineffective in Promoting Speciation,2020,0.6310209035873413
W4220825103,Biomineralization: Integrating mechanism and evolutionary history,2022,0.48625028133392334
W3016350077,Genetic and metabolic links between the murine microbiome and memory,2020,0.4694366455078125
W3110382400,Ecological adaptation in Atlantic herring is associated with large shifts in allele frequencies at hundreds of loci,2020,0.5002608299255371
W4280570469,Epistatic drift causes gradual decay of predictability in protein evolution,2022,0.5479129552841187
W4382893389,An Atlas of Variant Effects to understand the genome at nucleotide resolution,2023,0.45448681712150574
W4221082304,"The Expanding Role of DNA Barcodes: Indispensable Tools for Ecology, Evolution, and Conservation",2022,0.49613580107688904
W4226261637,Best practices in metabarcoding of fungi: From experimental design to results,2022,0.48315781354904175
W4294001681,"A compendium of 32,277 metagenome-assembled genomes and over 80 million genes from the early-life human gut microbiome",2022,0.5337681770324707
W3033359651,Within-Host Viral Diversity: A Window into Viral Evolution,2020,0.7113584280014038
W3017309630,Comparative analyses of the V4 and V9 regions of 18S rDNA for the extant eukaryotic community using the Illumina platform,2020,0.5186344981193542
W2998988705,Rearrangement and evolution of mitochondrial genomes in Thysanoptera (Insecta),2020,0.5478269457817078
W3011413344,Insights into human genetic variation and population history from 929 diverse genomes,2020,0.5773417949676514
W3007671504,Genomic evidence for two phylogenetic species and long-term population bottlenecks in red pandas,2020,0.6327419281005859
W4210670259,Exploring the Natural Origins of SARS-CoV-2 in the Light of Recombination,2022,0.5979616641998291
W3197386930,Epigenetics: a catalyst of plant immunity against pathogens,2021,0.4709654152393341
W3158509501,Fossil apes and human evolution,2021,0.6514791250228882
W3009215254,Horizontal Gene Transfer and Endophytes: An Implication for the Acquisition of Novel Traits,2020,0.6242246031761169
W3015968582,Evolution of male pregnancy associated with remodeling of canonical vertebrate immunity in seahorses and pipefishes,2020,0.46858566999435425
W3015363306,Insights into the Diversification and Evolution of R2R3-MYB Transcription Factors in Plants,2020,0.5032851099967957
W3014077108,Phylogeny and Functions of LOB Domain Proteins in Plants,2020,0.5279309749603271
W3184992463,"A nuclear phylogenomic study of the angiosperm order Myrtales, exploring the potential and limitations of the universal Angiosperms353 probe set",2021,0.6739656329154968
W4387410180,The pan-genome and local adaptation of Arabidopsis thaliana,2023,0.5078607201576233
W3122533633,"Phylogenomics, Origin, and Diversification of Anthozoans (Phylum Cnidaria)",2020,0.5262994766235352
W3200472081,Social evolution in mammals,2021,0.556388258934021
W3087838915,Chromosome-Scale Genome Assemblies of Aphids Reveal Extensively Rearranged Autosomes and Long-Term Conservation of the X Chromosome,2020,0.47003501653671265
W4213436894,A unified genealogy of modern and ancient genomes,2022,0.5251355171203613
W3133503807,Development and Molecular Genetics of<i>Marchantia polymorpha</i>,2021,0.5566942691802979
W3088172122,The evolutionary history of Neanderthal and Denisovan Y chromosomes,2020,0.6038590669631958
